{
    "parent": "item/handheld_rod",
    "textures": {
    "layer0": "item/carrot_on_a_stick"
	},
	
	"overrides": [
		{"predicate": {"custom_model_data":103612}, "model": "item/carrot_on_a_stick/103612"},
		{"predicate": {"custom_model_data":199041}, "model": "item/carrot_on_a_stick/199041"},
		{"predicate": {"custom_model_data":199042}, "model": "item/carrot_on_a_stick/199042"},
		{"predicate": {"custom_model_data":555861}, "model": "item/carrot_on_a_stick/555861"},
		{"predicate": {"custom_model_data":555862}, "model": "item/carrot_on_a_stick/555862"},
		{"predicate": {"custom_model_data":555863}, "model": "item/carrot_on_a_stick/555863"}
	]
}